URL,name
https://wsolibrary.com/wso-store/emily-fletcher-zivaonline/,Emily Fletcher – ZivaOnline
https://wsolibrary.com/wso-store/bob-mangat-agency-influence-program/,Bob Mangat – Agency Influence Program
https://wsolibrary.com/wso-store/a1-revenue-crush-q4/,A1 Revenue – Crush Q4
https://wsolibrary.com/wso-store/dr-richard-nongard-hypnotic-intervention-drug-and-alcohol-addiction/,Dr. Richard Nongard – Hypnotic Intervention Drug and Alcohol Addiction
https://wsolibrary.com/wso-store/dr-richard-nongard-quitsuccess-certified-tobacco-cessation-specialist/,Dr. Richard Nongard – QuitSuccess Certified Tobacco Cessation Specialist
https://wsolibrary.com/wso-store/terry-patten-integral-spiritual-practice/,Terry Patten – Integral Spiritual Practice
https://wsolibrary.com/wso-store/convertfox-pro/,ConvertFox PRO
https://wsolibrary.com/wso-store/alex-jeffreys-inner-circle-farewell-offer/,Alex Jeffreys – Inner Circle Farewell Offer
https://wsolibrary.com/wso-store/adrian-morrison-ecomsuitex-2/,Adrian Morrison – EcomSuiteX
https://wsolibrary.com/wso-store/moto-theme-2017-best-ecom-site-builder/,Moto Theme 2017 – The Best Ecom Site Builder
https://wsolibrary.com/wso-store/marketgauge-m-trader/,MarketGauge – The A.M. Trader
https://wsolibrary.com/wso-store/traderscorner-forex-master-class-2/,Traderscorner – Forex Master Class
https://wsolibrary.com/wso-store/simplertrading-squeeze-tradestation/,Simplertrading – The Squeeze For TradeStation
https://wsolibrary.com/wso-store/simplertrading-porsche-dots-ninjatrader-2/,Simplertrading – Porsche Dots For NinjaTrader
https://wsolibrary.com/wso-store/decisivetrading-round-forex-trader-1-hour-time-frame/,Decisivetrading – Round Forex Trader – 1 Hour Time frame
https://wsolibrary.com/wso-store/big-book-emails-residential-edition/,The Big Book Of Emails – Residential Edition
https://wsolibrary.com/wso-store/kinder-reese-2011-exponential-growth-summit/,Kinder-Reese 2011 Exponential Growth Summit
https://wsolibrary.com/wso-store/david-lindahl-foreclosure-investing-riches-home-study-course/,David Lindahl – Foreclosure Investing Riches Home Study Course
https://wsolibrary.com/wso-store/private-mortgage-pool-financial-modeler-preferred-equity-2/,Private Mortgage Pool Financial Modeler™ – Preferred Equity
https://wsolibrary.com/wso-store/pat-hiban-certified-listing-agent-course-2/,Pat Hiban – Certified Listing Agent Course
https://wsolibrary.com/wso-store/igor-ledochowski-practioner-ericksonian-hypnosis-training/,Igor Ledochowski – Practioner of Ericksonian Hypnosis Training
https://wsolibrary.com/wso-store/gp-walsh-totally-tapped-masterheart-eft/,GP Walsh – Totally Tapped In (Masterheart EFT)
https://wsolibrary.com/wso-store/igor-ledochowski-applied-conversational-hypnosis-roundtable-training-2/,Igor Ledochowski – Applied Conversational Hypnosis Roundtable Training
https://wsolibrary.com/wso-store/igor-ledochowski-applied-conversational-hypnosis/,Igor Ledochowski – Applied Conversational Hypnosis
https://wsolibrary.com/wso-store/kevin-hogan-science-influence/,Kevin Hogan – The Science of Influence
https://wsolibrary.com/wso-store/seo-yeah-bootcamp/,SEO Yeah Bootcamp
https://wsolibrary.com/wso-store/couponphp-script-build-coupon-site-2/,CouponPHP – Script To Build Coupon Site
https://wsolibrary.com/wso-store/2016-web-copywriting-intensive/,2016 Web Copywriting Intensive
https://wsolibrary.com/wso-store/jimmy-kelley-live-event-2017-2/,Jimmy Kelley – Live Event 2017
https://wsolibrary.com/wso-store/tube-traffic-secrets-3/,Tube Traffic Secrets 3
https://wsolibrary.com/wso-store/lisa-michaels-inner-goddess-creation-power-level-1-2-2/,Lisa Michaels – Inner Goddess Creation Power – LEVEL 1 and 2
https://wsolibrary.com/wso-store/joey-yap-real-feng-shui-recorded-conference/,JOEY YAP – REAL FENG SHUI RECORDED CONFERENCE
https://wsolibrary.com/wso-store/modern-man-better-bad-boy/,Modern Man – Better Than a Bad Boy
https://wsolibrary.com/wso-store/psychotherapy-networker-helping-couples-crisis-2/,Psychotherapy Networker – Helping Couples in Crisis
https://wsolibrary.com/wso-store/jim-benson-personal-life-media-multi-orgasmic-lover-2/,Jim Benson – Personal Life Media – Multi-Orgasmic Lover
